email,password
spencor.hopkin@spryker.com,change123
maria.williams@spryker.com,change123
maggie.may@spryker.com,change123
bill.martin@spryker.com,change123
george.freeman@spryker.com,change123
henry.tudor@spryker.com,change123
anne.boleyn@spryker.com,change123
andrew@ottom.de,change123
Ahill@ottom.de,change123
Alexa@ottom.de,change123
Frida@ottom.de,change123
Lisa@ottom.de,change123
Kim@ottom.de,change123
Solomon@spryker.com,change123
Richi@spryker.com,change123
karl@spryker.com,change123
Sarah@spryker.com,change123
Elizabet@spryker.com,change123
donald@spryker.com,change123
Trever.m@spryker.com,change123
sonia@spryker.com,change123
Lilu@ottom.de,change123
arnold@spryker.com,change123
sally@ottom.de,change123
kevin@spryker.com,change123
emma@spryker.com,change123
